SET FOREIGN_KEY_CHECKS = 0;

-- Data for table users
INSERT INTO users (id, email, password, name, stream, percentage, interests, profile_photo, created_at, is_admin) VALUES
(1, 'verify@test.com', '$2b$10$VuHiL8CH39sUNC1jaM5NOONREFvhzoW2UQmP5xyIFE9lpfgzMUywu', NULL, NULL, NULL, NULL, NULL, '2026-03-26 08:44:45', 0),
(2, 'test@audit.com', '$2b$10$vbw9jCjfpWoBhxmRlQVtjOGu061DUS0uGHsgxT/XnJbikuJnRQw66', NULL, NULL, NULL, NULL, NULL, '2026-03-31 04:28:35', 0),
(3, 'fix@test.com', '$2b$10$S0EQlzCWJ0.4RFxh9yY31.piwTiyBXDdBv1YQNtrpopKo6U/Cwkxy', NULL, NULL, NULL, NULL, NULL, '2026-03-31 05:08:35', 0),
(4, 'suraaj1000@gmail.com', '$2b$10$nx545Bm5Bp4ykPAbYbmC0OGSp9ztOjXXN1KTSwL5gS0dcMQxHVbdy', NULL, NULL, NULL, NULL, NULL, '2026-03-31 05:13:59', 0),
(5, 'admin@test.com', '$2b$10$VxDEFNufTVKy6EnWeQLyw.392WXJKUVsgCAusiEys1i5nYG/sPgn.', NULL, NULL, NULL, NULL, NULL, '2026-03-31 05:18:02', 0),
(6, 'sujhudahal@gmail.com', '$2b$10$FXcTDRCQ4cGxTTxFDfLvte6d/.RIoiuAZAin85OospwDNToZzapo6', NULL, NULL, NULL, NULL, NULL, '2026-04-23 06:12:02', 0),
(7, 'test@example.com', '$2b$10$A.d4ydyucXzndQdz8SPGWObIM8kMYK8zdM5Pf6KIvAjYg0eeSzGsC', NULL, NULL, NULL, NULL, NULL, '2026-04-23 06:12:52', 0);

-- Data for table badges
INSERT INTO badges (id, user_id, badge_type, earned_at) VALUES
(1, 2, 'first_login', '2026-03-26 09:15:59'),
(17, 3, 'first_login', '2026-03-31 05:09:02'),
(18, 4, 'first_login', '2026-03-31 05:14:00'),
(19, 5, 'first_login', '2026-03-31 05:18:41'),
(49, 4, 'first_bookmark', '2026-04-28 05:09:06');

-- Data for table streaks
INSERT INTO streaks (id, user_id, current_streak, longest_streak, last_visit) VALUES
(1, 2, 1, 1, '2026-03-31'),
(2, 3, 1, 1, '2026-03-31'),
(3, 4, 1, 1, '2026-04-02'),
(4, 5, 1, 1, '2026-03-31');

-- Data for table notifications
INSERT INTO notifications (id, user_id, message, type, read, created_at) VALUES
(1, 2, 'Badge Earned: First Steps!', 'badge', 0, '2026-03-26 09:15:59'),
(2, 3, 'Badge Earned: First Steps!', 'badge', 0, '2026-03-31 05:09:02'),
(3, 4, 'Badge Earned: First Steps!', 'badge', 0, '2026-03-31 05:14:00'),
(4, 5, 'Badge Earned: First Steps!', 'badge', 0, '2026-03-31 05:18:41'),
(5, 4, 'Badge Earned: First Bookmark!', 'badge', 0, '2026-04-28 05:09:06');

-- Data for table courses
INSERT INTO courses (id, name, stream, min_percentage, description, youtube_id, duration_months) VALUES
(1622, 'B.Tech Computer Science Engineering (CSE)', 'PCM', 60, '4-year B.Tech in Computer Science — software engineering, algorithms, operating systems, and systems design.', NULL, 48),
(1623, 'B.Tech Artificial Intelligence & Data Science', 'PCM', 60, '4-year B.Tech in AI, machine learning, deep learning, natural language processing, and data engineering.', NULL, 48),
(1624, 'B.Tech Cybersecurity', 'PCM', 60, '4-year B.Tech in network security, ethical hacking, cryptography, and cyber-threat management.', NULL, 48),
(1625, 'B.Tech Electronics & Communication (ECE)', 'PCM', 60, '4-year B.Tech in analog/digital electronics, communication systems, VLSI, and embedded design.', NULL, 48),
(1626, 'B.Tech Mechanical Engineering', 'PCM', 60, '4-year B.Tech in mechanics, thermodynamics, manufacturing processes, and robotics.', NULL, 48),
(1627, 'B.Tech Civil Engineering', 'PCM', 60, '4-year B.Tech in structural design, construction management, and infrastructure planning.', NULL, 48),
(1628, 'B.Tech Electrical Engineering', 'PCM', 60, '4-year B.Tech in power systems, control engineering, and electrical circuit design.', NULL, 48),
(1629, 'B.Tech Chemical Engineering', 'PCM', 60, '4-year B.Tech in chemical processes, petroleum engineering, and industrial chemistry.', NULL, 48),
(1630, 'BCA Information Technology', 'PCM', 50, '3-year BCA in IT infrastructure, web technologies, databases, and enterprise software development.', NULL, 36),
(1631, 'BCA Cybersecurity', 'PCM', 50, '3-year BCA specialising in ethical hacking, network security, digital forensics, and compliance.', NULL, 36),
(1632, 'BCA Data Analytics', 'PCM', 50, '3-year BCA in data analytics, business intelligence, SQL, Python, and data visualisation.', NULL, 36),
(1633, 'B.Sc Computer Science', 'PCM', 50, '3-year B.Sc in programming, algorithms, operating systems, databases, and software engineering.', NULL, 36),
(1634, 'B.Sc Data Science', 'PCM', 50, '3-year B.Sc in statistics, machine learning, data analysis, and Python/R programming.', NULL, 36),
(1635, 'B.Sc Physics', 'PCM', 50, '3-year B.Sc Physics covering classical mechanics, optics, quantum physics, and applied research.', NULL, 36),
(1636, 'B.Arch (Architecture)', 'PCM', 50, '5-year professional architecture degree — building design, structural systems, urban planning, and sustainable architecture.', NULL, 60),
(1637, 'MBBS (Bachelor of Medicine & Surgery)', 'PCB', 50, '5.5-year professional medical degree — the standard qualification to become a licensed physician in India.', NULL, 66),
(1638, 'BDS (Bachelor of Dental Surgery)', 'PCB', 50, '5-year dental surgery degree for clinical dental practice and oral healthcare.', NULL, 60),
(1639, 'B.Sc Biotechnology', 'PCB', 50, '3-year B.Sc in genetics, cell biology, biomedical research, bioinformatics, and biotech applications.', NULL, 36),
(1640, 'B.Sc Microbiology', 'PCB', 50, '3-year B.Sc studying microorganisms, infectious diseases, lab diagnostics, and applied microbiology.', NULL, 36),
(1641, 'B.Sc Genetics', 'PCB', 50, '3-year B.Sc in heredity, genomics, molecular biology, and genetic counselling.', NULL, 36),
(1642, 'B.Pharm (Bachelor of Pharmacy)', 'PCB', 50, '4-year pharmacy degree in drug formulation, pharmaceutical sciences, pharmacology, and clinical pharmacy.', NULL, 48),
(1643, 'B.Sc Nursing', 'PCB', 50, '4-year nursing degree covering patient care, clinical procedures, community health, and nursing management.', NULL, 48),
(1644, 'B.Com (Hons)', 'Commerce', 50, '3-year honours degree in corporate finance, advanced accounting, business law, and economic analysis.', NULL, 36),
(1645, 'BBA Business Administration', 'Commerce', 50, '3-year BBA in core business strategy, operations management, marketing, and organisational behaviour.', NULL, 36),
(1646, 'BBA Digital Marketing', 'Commerce', 50, '3-year BBA specialising in SEO, social media campaigns, content strategy, and performance marketing.', NULL, 36),
(1647, 'BBA Business Analytics', 'Commerce', 50, '3-year BBA in data-driven business decisions using statistics, Excel, Power BI, and Python.', NULL, 36),
(1648, 'Chartered Accountancy (CA)', 'Commerce', 33, 'Professional CA qualification from ICAI — India''s premier credential in accounting, auditing, and taxation.', NULL, 60),
(1649, 'B.Com Economics (Hons)', 'Commerce', 60, '3-year combined commerce and economics degree — macroeconomics, econometrics, and public-policy analysis.', NULL, 36),
(1650, 'BA Psychology', 'Humanities', 50, '3-year BA in human behaviour, counselling theories, developmental, clinical, and social psychology.', NULL, 36),
(1651, 'BA English (Hons)', 'Humanities', 50, '3-year honours degree in English literature, linguistics, and academic and creative writing.', NULL, 36),
(1652, 'BA Political Science (Hons)', 'Humanities', 50, '3-year degree in governance, public policy, comparative politics, and international relations.', NULL, 36),
(1653, 'BJMC (Journalism & Mass Communication)', 'Humanities', 50, '3-year degree in broadcast, print, and digital journalism, public relations, advertising, and media ethics.', NULL, 36),
(1654, 'BA LLB (Integrated Law)', 'Humanities', 45, '5-year integrated BA + LLB — combines arts and humanities with a complete legal education.', NULL, 60),
(1655, 'BBA LLB (Integrated Law)', 'Humanities', 45, '5-year integrated BBA + LLB — business law, corporate governance, and commercial litigation.', NULL, 60),
(1656, 'B.Des UI/UX Design', 'All', 50, '4-year design degree in user interface and interaction design, design thinking, and digital prototyping.', NULL, 48),
(1657, 'B.Des Fashion Design', 'All', 50, '4-year fashion design degree — garment construction, textile design, fashion illustration, and styling.', NULL, 48),
(1658, 'B.Des Interior Design', 'All', 50, '4-year degree in interior aesthetics, space planning, materials, lighting, and sustainable design.', NULL, 48),
(1659, 'B.Sc Hotel Management', 'All', 50, '3-4 year degree for careers in hotel operations, food & beverage management, tourism, and event coordination.', NULL, 42);

-- Data for table career_map
INSERT INTO career_map (id, course_id, career_name, job_role, description) VALUES
(6013, 1622, 'Software Engineer', 'Full-stack Developer', 'Software Engineer position'),
(6014, 1622, 'Data Scientist', 'ML/AI Engineer', 'Data Scientist position'),
(6015, 1624, 'Ethical Hacker', 'Penetration Tester', 'Ethical Hacker position'),
(6016, 1624, 'Security Analyst', 'SOC Analyst', 'Security Analyst position'),
(6017, 1624, 'Cybersecurity Engineer', 'Threat Intelligence Specialist', 'Cybersecurity Engineer position'),
(6018, 1624, 'Digital Forensics Analyst', 'Incident Response Analyst', 'Digital Forensics Analyst position'),
(6019, 1627, 'Structural Engineer', 'Structural Design Lead', 'Structural Engineer position'),
(6020, 1627, 'Construction Manager', 'Site Project Manager', 'Construction Manager position'),
(6021, 1627, 'Urban Planner', 'Infrastructure Planning Consultant', 'Urban Planner position'),
(6022, 1628, 'Power Systems Engineer', 'Electrical Grid Engineer', 'Power Systems Engineer position'),
(6023, 1628, 'Control Systems Engineer', 'Automation & Control Specialist', 'Control Systems Engineer position'),
(6024, 1628, 'Energy Consultant', 'Sustainable Energy Analyst', 'Energy Consultant position'),
(6025, 1629, 'Process Engineer', 'Chemical Plant Engineer', 'Process Engineer position'),
(6026, 1629, 'Petroleum Engineer', 'Oil & Gas Engineer', 'Petroleum Engineer position'),
(6027, 1629, 'Food Technology Engineer', 'Food Processing Specialist', 'Food Technology Engineer position'),
(6028, 1630, 'Junior Web Developer', 'Frontend/React Developer', 'Junior Web Developer position'),
(6029, 1630, 'IT Support Engineer', 'Systems Administrator', 'IT Support Engineer position'),
(6030, 1630, 'Network Administrator', 'Network Operations Engineer', 'Network Administrator position'),
(6031, 1631, 'Junior Cybersecurity Analyst', 'Network Security Technician', 'Junior Cybersecurity Analyst position'),
(6032, 1631, 'Ethical Hacker (Junior)', 'Penetration Testing Analyst', 'Ethical Hacker (Junior) position'),
(6033, 1632, 'Data Analyst', 'Business Intelligence Analyst', 'Data Analyst position'),
(6034, 1632, 'Junior Data Scientist', 'ML Operations Analyst', 'Junior Data Scientist position'),
(6035, 1633, 'Software Developer', 'Application Developer', 'Software Developer position'),
(6036, 1633, 'System Administrator', 'IT Infrastructure Manager', 'System Administrator position'),
(6037, 1633, 'Database Developer', 'SQL/NoSQL Specialist', 'Database Developer position'),
(6038, 1634, 'Data Analyst', 'Business Intelligence Analyst', 'Data Analyst position'),
(6039, 1634, 'Machine Learning Engineer', 'AI Model Developer', 'Machine Learning Engineer position'),
(6040, 1634, 'Data Engineer', 'ETL / Pipeline Engineer', 'Data Engineer position'),
(6041, 1635, 'Physicist', 'Research Scientist', 'Physicist position'),
(6042, 1635, 'Physics Teacher / Lecturer', 'Academic Educator', 'Physics Teacher / Lecturer position'),
(6043, 1635, 'Optical / Instrumentation Engineer', 'Photonics Specialist', 'Optical / Instrumentation Engineer position'),
(6044, 1636, 'Architect', 'Licensed Registered Architect', 'Architect position'),
(6045, 1636, 'Urban Designer', 'City Planning Consultant', 'Urban Designer position'),
(6046, 1636, 'Interior Architect', 'Commercial Space Designer', 'Interior Architect position'),
(6047, 1637, 'General Physician', 'Medical Doctor', 'General Physician position'),
(6048, 1637, 'Surgeon', 'Specialist Surgeon', 'Surgeon position'),
(6049, 1637, 'Cardiologist', 'Heart Specialist', 'Cardiologist position'),
(6050, 1637, 'Pediatrician', 'Child Health Specialist', 'Pediatrician position'),
(6051, 1638, 'Dental Surgeon', 'General Dentist', 'Dental Surgeon position'),
(6052, 1638, 'Orthodontist', 'Braces & Alignment Specialist', 'Orthodontist position'),
(6053, 1638, 'Oral Surgeon', 'Maxillofacial Surgeon', 'Oral Surgeon position'),
(6054, 1639, 'Biotech Researcher', 'R&D Scientist', 'Biotech Researcher position'),
(6055, 1639, 'Quality Control Analyst', 'QA/QC Specialist (Pharma)', 'Quality Control Analyst position'),
(6056, 1639, 'Genetic Counsellor', 'Clinical Genetics Specialist', 'Genetic Counsellor position'),
(6057, 1640, 'Microbiologist', 'Clinical / Industrial Microbiologist', 'Microbiologist position'),
(6058, 1640, 'Medical Lab Technician', 'Diagnostic Lab Analyst', 'Medical Lab Technician position'),
(6059, 1640, 'Food Safety Inspector', 'Food Quality Analyst', 'Food Safety Inspector position'),
(6060, 1641, 'Geneticist', 'Research Geneticist', 'Geneticist position'),
(6061, 1641, 'Bioinformatics Analyst', 'Genomics Data Scientist', 'Bioinformatics Analyst position'),
(6062, 1642, 'Hospital Pharmacist', 'Clinical Pharmacist', 'Hospital Pharmacist position'),
(6063, 1642, 'Drug Inspector', 'Government Drug Controller', 'Drug Inspector position'),
(6064, 1642, 'Medical Representative', 'Pharma Sales Executive', 'Medical Representative position'),
(6065, 1642, 'Research Scientist (Pharma)', 'Drug Development Researcher', 'Research Scientist (Pharma) position'),
(6066, 1643, 'Staff Nurse', 'Hospital Ward Nurse', 'Staff Nurse position'),
(6067, 1643, 'ICU Nurse', 'Critical Care Specialist', 'ICU Nurse position'),
(6068, 1643, 'Community Health Nurse', 'Public Health Nurse', 'Community Health Nurse position'),
(6069, 1643, 'Nursing Supervisor', 'Head Nurse / Nursing Manager', 'Nursing Supervisor position'),
(6070, 1644, 'Accountant', 'Senior Financial Analyst', 'Accountant position'),
(6071, 1644, 'Auditor', 'Internal / External Auditor', 'Auditor position'),
(6072, 1644, 'Tax Consultant', 'GST / Income Tax Advisor', 'Tax Consultant position'),
(6073, 1645, 'Business Analyst', 'Strategy Consultant', 'Business Analyst position'),
(6074, 1645, 'Operations Manager', 'Process / Ops Lead', 'Operations Manager position'),
(6075, 1645, 'HR Manager', 'People & Culture Manager', 'HR Manager position'),
(6076, 1646, 'Digital Marketer', 'Performance Marketing Manager', 'Digital Marketer position'),
(6077, 1646, 'SEO / SEM Specialist', 'Search Marketing Analyst', 'SEO / SEM Specialist position'),
(6078, 1646, 'Content Strategist', 'Brand Content Manager', 'Content Strategist position'),
(6079, 1647, 'Business Intelligence Analyst', 'BI & Analytics Engineer', 'Business Intelligence Analyst position'),
(6080, 1647, 'Data Analyst (Commerce)', 'Financial Data Analyst', 'Data Analyst (Commerce) position'),
(6081, 1648, 'Chartered Accountant', 'CA / Audit Partner', 'Chartered Accountant position'),
(6082, 1648, 'Tax Consultant', 'Senior Tax Advisor', 'Tax Consultant position'),
(6083, 1648, 'CFO', 'Chief Financial Officer', 'CFO position'),
(6084, 1649, 'Economist', 'Research Economist / Policy Analyst', 'Economist position'),
(6085, 1649, 'Investment Analyst', 'Equity Research Analyst', 'Investment Analyst position'),
(6086, 1649, 'Civil Services Officer', 'IAS / IES / IRS Officer', 'Civil Services Officer position'),
(6087, 1650, 'Clinical Psychologist', 'Counsellor / Therapist', 'Clinical Psychologist position'),
(6088, 1650, 'School Counsellor', 'Student Welfare Counsellor', 'School Counsellor position'),
(6089, 1650, 'HR Specialist', 'People & Culture Specialist', 'HR Specialist position'),
(6090, 1651, 'Content Writer / Editor', 'Senior Copy Editor', 'Content Writer / Editor position'),
(6091, 1651, 'Copywriter', 'Creative Content Strategist', 'Copywriter position'),
(6092, 1651, 'English Teacher / Lecturer', 'Language & Literature Educator', 'English Teacher / Lecturer position'),
(6093, 1652, 'Political Analyst', 'Policy Research Analyst', 'Political Analyst position'),
(6094, 1652, 'Civil Services Officer', 'IAS / IPS / IFS Officer', 'Civil Services Officer position'),
(6095, 1652, 'NGO Programme Manager', 'Development Sector Lead', 'NGO Programme Manager position'),
(6096, 1653, 'Journalist / Reporter', 'News Reporter & Editor', 'Journalist / Reporter position'),
(6097, 1653, 'Public Relations Manager', 'PR & Communications Lead', 'Public Relations Manager position'),
(6098, 1653, 'Digital Content Creator', 'Video / Social Media Producer', 'Digital Content Creator position'),
(6099, 1623, 'AI/ML Engineer', 'Machine Learning Specialist', 'AI/ML Engineer position'),
(6100, 1623, 'Data Scientist', 'AI Research Scientist', 'Data Scientist position'),
(6101, 1623, 'NLP Engineer', 'Natural Language Processing Specialist', 'NLP Engineer position'),
(6102, 1623, 'Data Engineer', 'Big Data / Pipeline Engineer', 'Data Engineer position'),
(6103, 1625, 'VLSI Design Engineer', 'Chip Design Specialist', 'VLSI Design Engineer position'),
(6104, 1625, 'Embedded Systems Engineer', 'Firmware Developer', 'Embedded Systems Engineer position'),
(6105, 1625, 'Telecom Engineer', 'RF & Network Engineer', 'Telecom Engineer position'),
(6106, 1625, 'IoT Engineer', 'IoT Solutions Developer', 'IoT Engineer position'),
(6107, 1656, 'UI/UX Designer', 'Product Interface Designer', 'UI/UX Designer position'),
(6108, 1656, 'Product Designer', 'End-to-End Product Design Lead', 'Product Designer position'),
(6109, 1656, 'Interaction Designer', 'User Research & Prototyping Specialist', 'Interaction Designer position'),
(6110, 1657, 'Fashion Designer', 'Apparel & Garment Designer', 'Fashion Designer position'),
(6111, 1657, 'Textile Designer', 'Fabric & Pattern Specialist', 'Textile Designer position'),
(6112, 1657, 'Fashion Stylist', 'Editorial & Commercial Stylist', 'Fashion Stylist position'),
(6113, 1654, 'Advocate / Lawyer', 'District / High Court Advocate', 'Advocate / Lawyer position'),
(6114, 1654, 'Corporate Legal Advisor', 'In-house Legal Counsel', 'Corporate Legal Advisor position'),
(6115, 1654, 'Public Prosecutor', 'Criminal Court Prosecutor', 'Public Prosecutor position'),
(6116, 1658, 'Interior Designer', 'Residential / Commercial Space Designer', 'Interior Designer position'),
(6117, 1658, 'Space Planner', 'Furniture & Layout Specialist', 'Space Planner position'),
(6118, 1659, 'Hotel Manager', 'Property / General Manager', 'Hotel Manager position'),
(6119, 1659, 'Revenue Manager', 'Hospitality Revenue Analyst', 'Revenue Manager position'),
(6120, 1659, 'Food & Beverage Manager', 'F&B Operations Manager', 'Food & Beverage Manager position'),
(6121, 1659, 'Event Coordinator', 'MICE & Events Manager', 'Event Coordinator position'),
(6122, 1655, 'Corporate Lawyer', 'M&A / Contract Lawyer', 'Corporate Lawyer position'),
(6123, 1655, 'Compliance Manager', 'Corporate Governance Specialist', 'Compliance Manager position'),
(6124, 1626, 'Mechanical Design Engineer', 'CAD/CAM Specialist', 'Mechanical Design Engineer position'),
(6125, 1626, 'Manufacturing Engineer', 'Production Lead', 'Manufacturing Engineer position'),
(6126, 1626, 'Robotics Engineer', 'Automation Engineer', 'Robotics Engineer position'),
(6127, 1626, 'Automotive Engineer', 'Vehicle Design Engineer', 'Automotive Engineer position'),
(6128, 1622, 'Solutions Architect', 'Enterprise Architect', 'Solutions Architect position'),
(6129, 1622, 'DevOps Engineer', 'Cloud Architect', 'DevOps Engineer position'),
(6130, 1622, 'Cybersecurity Analyst', 'Security Operations Engineer', 'Cybersecurity Analyst position');

-- Data for table salary_info
INSERT INTO salary_info (id, career_id, entry_level_salary, mid_level_salary, senior_level_salary) VALUES
(6013, 6013, 40000, 80000, 150000),
(6014, 6014, 45000, 90000, 160000),
(6015, 6018, 38000, 78000, 155000),
(6016, 6019, 30000, 62000, 122000),
(6017, 6020, 32000, 65000, 130000),
(6018, 6021, 28000, 58000, 115000),
(6019, 6022, 32000, 65000, 130000),
(6020, 6023, 35000, 70000, 138000),
(6021, 6024, 30000, 62000, 125000),
(6022, 6025, 35000, 72000, 140000),
(6023, 6026, 45000, 95000, 182000),
(6024, 6027, 30000, 60000, 118000),
(6025, 6028, 20000, 45000, 90000),
(6026, 6029, 18000, 38000, 76000),
(6027, 6030, 22000, 48000, 95000),
(6028, 6031, 22000, 50000, 100000),
(6029, 6032, 25000, 55000, 108000),
(6030, 6033, 25000, 55000, 108000),
(6031, 6034, 28000, 60000, 115000),
(6032, 6035, 22000, 50000, 100000),
(6033, 6036, 20000, 44000, 88000),
(6034, 6037, 25000, 55000, 108000),
(6035, 6038, 28000, 60000, 118000),
(6036, 6039, 38000, 80000, 158000),
(6037, 6040, 35000, 72000, 142000),
(6038, 6041, 30000, 65000, 130000),
(6039, 6042, 22000, 48000, 95000),
(6040, 6043, 32000, 68000, 135000),
(6041, 6044, 30000, 70000, 150000),
(6042, 6045, 28000, 65000, 138000),
(6043, 6046, 28000, 62000, 130000),
(6044, 6047, 60000, 150000, 350000),
(6045, 6048, 80000, 200000, 500000),
(6046, 6049, 90000, 250000, 600000),
(6047, 6050, 65000, 160000, 400000),
(6048, 6051, 40000, 100000, 250000),
(6049, 6052, 50000, 140000, 350000),
(6050, 6053, 55000, 150000, 380000),
(6051, 6054, 28000, 60000, 122000),
(6052, 6055, 25000, 55000, 108000),
(6053, 6056, 30000, 65000, 132000),
(6054, 6057, 25000, 52000, 105000),
(6055, 6058, 20000, 42000, 85000),
(6056, 6059, 22000, 45000, 90000),
(6057, 6060, 30000, 65000, 130000),
(6058, 6061, 35000, 72000, 145000),
(6059, 6062, 25000, 55000, 118000),
(6060, 6063, 35000, 70000, 150000),
(6061, 6064, 20000, 45000, 100000),
(6062, 6065, 30000, 65000, 140000),
(6063, 6066, 20000, 45000, 90000),
(6064, 6067, 25000, 55000, 112000),
(6065, 6068, 18000, 40000, 82000),
(6066, 6069, 28000, 62000, 125000),
(6067, 6070, 28000, 60000, 120000),
(6068, 6071, 30000, 65000, 130000),
(6069, 6072, 32000, 68000, 135000),
(6070, 6073, 30000, 65000, 130000),
(6071, 6074, 32000, 68000, 135000),
(6072, 6075, 28000, 60000, 120000),
(6073, 6076, 28000, 62000, 125000),
(6074, 6077, 25000, 55000, 110000),
(6075, 6078, 26000, 58000, 115000),
(6076, 6079, 32000, 70000, 140000),
(6077, 6080, 30000, 65000, 130000),
(6078, 6081, 50000, 150000, 300000),
(6079, 6082, 45000, 130000, 260000),
(6080, 6083, 80000, 180000, 400000),
(6081, 6084, 30000, 65000, 132000),
(6082, 6085, 38000, 82000, 165000),
(6083, 6086, 56000, 120000, 250000),
(6084, 6087, 25000, 55000, 112000),
(6085, 6088, 20000, 44000, 88000),
(6086, 6089, 28000, 60000, 120000),
(6087, 6090, 20000, 45000, 90000),
(6088, 6091, 22000, 48000, 95000),
(6089, 6092, 18000, 42000, 85000),
(6090, 6093, 25000, 55000, 112000),
(6091, 6094, 56000, 120000, 250000),
(6092, 6095, 28000, 58000, 115000),
(6093, 6096, 18000, 42000, 88000),
(6094, 6097, 25000, 55000, 112000),
(6095, 6098, 20000, 45000, 90000),
(6096, 6016, 32000, 68000, 138000),
(6097, 6100, 55000, 115000, 210000),
(6098, 6101, 52000, 108000, 195000),
(6099, 6102, 48000, 98000, 185000),
(6100, 6103, 38000, 80000, 162000),
(6101, 6017, 40000, 85000, 165000),
(6102, 6105, 36000, 72000, 140000),
(6103, 6106, 38000, 78000, 152000),
(6104, 6107, 30000, 68000, 138000),
(6105, 6108, 35000, 75000, 155000),
(6106, 6109, 32000, 70000, 142000),
(6107, 6110, 22000, 50000, 108000),
(6108, 6111, 20000, 44000, 90000),
(6109, 6112, 18000, 42000, 85000),
(6110, 6113, 25000, 65000, 200000),
(6111, 6114, 40000, 90000, 210000),
(6112, 6115, 35000, 75000, 162000),
(6113, 6116, 25000, 58000, 120000),
(6114, 6117, 22000, 50000, 102000),
(6115, 6118, 28000, 65000, 140000),
(6116, 6119, 25000, 58000, 120000),
(6117, 6120, 22000, 52000, 108000),
(6118, 6121, 20000, 45000, 92000),
(6119, 6122, 45000, 100000, 220000),
(6120, 6123, 42000, 92000, 200000),
(6121, 6124, 32000, 65000, 130000),
(6122, 6125, 30000, 62000, 122000),
(6123, 6126, 38000, 78000, 152000),
(6124, 6127, 35000, 70000, 138000),
(6125, 6104, 35000, 75000, 148000),
(6126, 6015, 35000, 75000, 150000),
(6127, 6130, 42000, 88000, 165000),
(6128, 6128, 55000, 110000, 200000),
(6129, 6129, 50000, 100000, 180000),
(6130, 6099, 50000, 105000, 200000);

SET FOREIGN_KEY_CHECKS = 1;
